,City,Cloudiness,Country,Date,Humidity,Temp,Lat,Lng,Wind Speed
0,vigia,90,BR,2020-04-18 01:58:13+00:00,94,77.0,-0.86,-48.14,1.12
1,punta arenas,14,CL,2020-04-18 01:55:10+00:00,66,48.2,-53.15,-70.92,11.41
2,kodiak,90,US,2020-04-18 01:58:13+00:00,76,51.8,57.79,-152.41,10.29
3,chumikan,97,RU,2020-04-18 01:58:13+00:00,85,29.53,54.72,135.31,5.61
4,rikitea,1,PF,2020-04-18 01:54:40+00:00,63,77.36,-23.12,-134.97,1.99
5,tiksi,100,RU,2020-04-18 01:53:20+00:00,93,9.32,71.69,128.87,6.04
6,gwanda,84,ZW,2020-04-18 01:58:14+00:00,62,66.97,-20.93,29.0,11.97
7,ushuaia,40,AR,2020-04-18 01:57:41+00:00,40,51.8,-54.8,-68.3,19.46
8,aleksandrov gay,67,RU,2020-04-18 01:58:14+00:00,71,43.27,50.15,48.57,9.6
9,bowen,40,AU,2020-04-18 01:58:14+00:00,62,87.01,-20.02,148.23,4.7
10,deputatskiy,9,RU,2020-04-18 01:58:14+00:00,82,-2.02,69.3,139.9,3.06
11,bathsheba,40,BB,2020-04-18 01:58:14+00:00,74,80.6,13.22,-59.52,14.99
12,arraial do cabo,73,BR,2020-04-18 01:58:14+00:00,70,73.8,-22.97,-42.03,10.36
13,yellowknife,75,CA,2020-04-18 01:58:14+00:00,58,28.0,62.46,-114.35,9.17
14,kapustin yar,96,RU,2020-04-18 01:58:15+00:00,72,46.53,48.58,45.74,4.61
15,husavik,0,IS,2020-04-18 01:53:43+00:00,73,46.4,66.04,-17.34,23.04
16,ust-kuyga,4,RU,2020-04-18 01:58:15+00:00,85,2.03,70.02,135.6,5.86
17,ostrovnoy,100,RU,2020-04-18 01:58:15+00:00,98,31.59,68.05,39.51,12.8
18,albany,100,US,2020-04-18 01:57:19+00:00,74,41.0,42.6,-73.97,3.87
19,yining,96,CN,2020-04-18 01:58:16+00:00,76,63.07,29.04,114.56,3.85
20,lompoc,90,US,2020-04-18 01:58:16+00:00,76,57.2,34.64,-120.46,6.93
21,saint-louis,39,SN,2020-04-18 01:58:16+00:00,54,69.06,16.33,-15.0,19.13
22,nolinsk,100,RU,2020-04-18 01:58:17+00:00,88,34.86,57.56,49.94,11.36
23,bluff,47,NZ,2020-04-18 01:58:17+00:00,64,57.99,-46.6,168.33,11.01
24,vaini,20,TO,2020-04-18 01:54:39+00:00,69,82.4,-21.2,-175.2,10.29
25,port hardy,40,CA,2020-04-18 01:58:17+00:00,71,53.6,50.7,-127.42,13.87
26,leshukonskoye,100,RU,2020-04-18 01:58:17+00:00,93,32.76,64.9,45.76,6.31
27,hermanus,84,ZA,2020-04-18 01:58:17+00:00,83,57.0,-34.42,19.23,5.01
28,butaritari,82,KI,2020-04-18 01:58:08+00:00,80,82.33,3.07,172.79,14.81
29,matara,93,LK,2020-04-18 01:58:17+00:00,75,84.11,5.95,80.54,6.64
30,lumding,61,IN,2020-04-18 01:58:18+00:00,45,85.06,25.75,93.17,1.68
31,saint-philippe,75,RE,2020-04-18 01:58:18+00:00,78,75.2,-21.36,55.77,11.41
32,jamestown,90,US,2020-04-18 01:58:18+00:00,100,32.0,42.1,-79.24,3.36
33,dikson,91,RU,2020-04-18 01:54:49+00:00,97,25.12,73.51,80.55,14.9
34,kaitangata,96,NZ,2020-04-18 01:58:18+00:00,82,53.01,-46.28,169.85,15.99
35,iqaluit,75,CA,2020-04-18 01:53:41+00:00,84,6.8,63.75,-68.51,2.24
36,katangli,99,RU,2020-04-18 01:58:19+00:00,97,30.56,51.71,143.23,14.2
37,fairbanks,75,US,2020-04-18 01:55:32+00:00,65,46.99,64.84,-147.72,2.42
38,mataura,35,NZ,2020-04-18 01:58:19+00:00,64,57.99,-46.19,168.86,11.01
39,ugoofaaru,97,MV,2020-04-18 01:58:19+00:00,74,85.51,5.67,73.0,11.86
40,carauari,95,BR,2020-04-18 01:58:19+00:00,94,73.38,-4.88,-66.9,2.01
41,rio branco,40,BR,2020-04-18 01:58:19+00:00,100,69.8,-9.97,-67.81,2.24
42,mahebourg,40,MU,2020-04-18 01:58:19+00:00,78,75.2,-20.41,57.7,3.36
43,puerto ayora,82,EC,2020-04-18 01:58:19+00:00,92,77.0,-0.74,-90.35,6.33
44,port elizabeth,57,ZA,2020-04-18 01:58:19+00:00,88,62.6,-33.92,25.57,5.82
45,mazatlan,20,MX,2020-04-18 01:56:07+00:00,73,75.2,23.22,-106.42,6.93
46,mossendjo,100,CG,2020-04-18 01:58:20+00:00,87,70.48,-2.95,12.73,1.28
47,port alfred,55,ZA,2020-04-18 01:58:20+00:00,94,64.0,-33.59,26.89,4.0
48,chicama,18,PE,2020-04-18 01:58:20+00:00,70,74.14,-7.84,-79.15,6.2
49,la romana,0,DO,2020-04-18 01:58:20+00:00,85,73.8,18.43,-68.97,9.42
50,dingle,39,PH,2020-04-18 01:58:20+00:00,58,89.1,11.0,122.67,13.56
51,mount isa,9,AU,2020-04-18 01:58:20+00:00,20,93.2,-20.73,139.5,8.05
52,portland,75,US,2020-04-18 01:58:21+00:00,8,75.2,45.52,-122.68,5.82
53,copiapo,0,CL,2020-04-18 01:58:21+00:00,87,59.0,-27.37,-70.33,3.36
54,tuatapere,34,NZ,2020-04-18 01:58:21+00:00,64,57.99,-46.13,167.68,11.01
55,namatanai,98,PG,2020-04-18 01:58:16+00:00,73,83.17,-3.67,152.43,7.63
56,salalah,20,OM,2020-04-18 01:58:21+00:00,74,78.8,17.02,54.09,2.24
57,kurumkan,38,RU,2020-04-18 01:58:21+00:00,43,46.8,54.3,110.3,7.18
58,hasaki,75,JP,2020-04-18 01:58:21+00:00,93,57.2,35.73,140.83,23.04
59,srednekolymsk,100,RU,2020-04-18 01:58:21+00:00,92,5.32,67.45,153.68,13.04
60,avarua,10,CK,2020-04-18 01:57:38+00:00,61,82.4,-21.21,-159.78,5.82
61,chokurdakh,50,RU,2020-04-18 01:58:22+00:00,90,-3.08,70.63,147.92,4.85
62,tambilil,20,PH,2020-04-18 01:58:22+00:00,52,89.6,5.96,124.67,9.17
63,bambous virieux,40,MU,2020-04-18 01:58:23+00:00,78,75.2,-20.34,57.76,3.36
64,san patricio,5,MX,2020-04-18 01:57:43+00:00,74,78.8,19.22,-104.7,8.93
65,aksu,100,CN,2020-04-18 01:58:23+00:00,36,61.02,41.12,80.26,5.32
66,cape town,55,ZA,2020-04-18 01:54:58+00:00,71,60.01,-33.93,18.42,3.36
67,parrita,20,CR,2020-04-18 01:58:23+00:00,69,73.4,9.52,-84.32,9.17
68,cusuna,3,HN,2020-04-18 01:58:24+00:00,77,77.63,15.85,-85.23,12.57
69,yueyang,100,CN,2020-04-18 01:58:24+00:00,92,58.24,29.33,113.09,6.93
70,bredasdorp,100,ZA,2020-04-18 01:58:24+00:00,87,55.99,-34.53,20.04,4.7
71,pontal do parana,87,BR,2020-04-18 01:58:24+00:00,100,51.8,-25.65,-48.51,5.82
72,neyvo-shaytanskiy,100,RU,2020-04-18 01:58:24+00:00,85,38.66,57.73,61.25,8.08
73,keetmanshoop,0,NA,2020-04-18 01:58:24+00:00,22,69.8,-26.58,18.13,9.17
74,atuona,84,PF,2020-04-18 01:54:38+00:00,75,82.35,-9.8,-139.03,13.06
75,ilulissat,100,GL,2020-04-18 01:55:14+00:00,79,26.6,69.22,-51.1,4.7
76,lagoa,58,PT,2020-04-18 01:58:25+00:00,72,60.37,39.05,-27.98,11.7
77,kipini,78,KE,2020-04-18 01:58:25+00:00,87,79.03,-2.53,40.53,3.62
78,tasiilaq,73,GL,2020-04-18 01:58:14+00:00,86,33.8,65.61,-37.64,14.99
79,helena,1,US,2020-04-18 01:58:25+00:00,15,59.0,46.59,-112.04,13.87
80,honiara,90,SB,2020-04-18 01:55:24+00:00,100,77.0,-9.43,159.95,6.93
81,grindavik,90,IS,2020-04-18 01:58:25+00:00,87,42.8,63.84,-22.43,31.09
82,qaanaaq,13,GL,2020-04-18 01:55:08+00:00,80,11.48,77.48,-69.36,8.03
83,tessalit,0,ML,2020-04-18 01:58:26+00:00,17,81.27,20.2,1.01,6.76
84,mendi,78,PG,2020-04-18 01:58:26+00:00,42,69.48,-6.18,143.65,4.63
85,norman wells,75,CA,2020-04-18 01:58:26+00:00,55,39.2,65.28,-126.83,2.24
86,abhar,0,IR,2020-04-18 01:58:26+00:00,47,48.87,36.15,49.22,2.51
87,upernavik,98,GL,2020-04-18 01:58:27+00:00,90,21.58,72.79,-56.15,4.09
88,bubaque,48,GW,2020-04-18 01:58:27+00:00,60,79.09,11.28,-15.83,22.77
89,severo-kurilsk,8,RU,2020-04-18 01:58:27+00:00,92,32.92,50.68,156.12,12.95
90,barrow,90,US,2020-04-18 01:54:40+00:00,85,10.4,71.29,-156.79,14.99
91,ilhabela,77,BR,2020-04-18 01:58:27+00:00,71,69.84,-23.78,-45.36,3.94
92,buenos aires,0,AR,2020-04-18 01:56:54+00:00,88,64.0,-34.61,-58.38,4.7
93,ciudad bolivar,57,VE,2020-04-18 01:58:28+00:00,57,82.45,8.12,-63.55,14.97
94,esperance,90,AU,2020-04-18 01:57:37+00:00,46,71.6,-33.87,121.9,19.46
95,hobart,40,AU,2020-04-18 01:54:39+00:00,43,55.4,-42.88,147.33,14.99
96,carnarvon,95,AU,2020-04-18 01:58:28+00:00,69,80.6,-24.87,113.63,5.82
97,lata,0,PT,2020-04-18 01:58:28+00:00,91,55.99,40.16,-8.33,2.48
98,khatanga,0,RU,2020-04-18 01:58:28+00:00,92,15.76,71.97,102.5,13.6
99,haines junction,97,CA,2020-04-18 01:55:21+00:00,60,41.31,60.75,-137.51,1.34
100,havoysund,75,NO,2020-04-18 01:58:29+00:00,69,37.4,71.0,24.66,35.57
101,cabo san lucas,5,MX,2020-04-18 01:58:19+00:00,77,79.0,22.89,-109.91,26.4
102,new norfolk,93,AU,2020-04-18 01:58:29+00:00,78,55.0,-42.78,147.06,1.99
103,acapulco,5,MX,2020-04-18 01:58:29+00:00,74,80.6,16.86,-99.89,5.82
104,nyurba,100,RU,2020-04-18 01:55:24+00:00,87,14.81,63.28,118.33,7.47
105,henties bay,1,NA,2020-04-18 01:58:29+00:00,93,57.0,-22.12,14.28,3.0
106,kapaa,1,US,2020-04-18 01:56:39+00:00,61,80.6,22.08,-159.32,11.41
107,geelong,75,AU,2020-04-18 01:58:29+00:00,67,61.0,-38.15,144.36,9.17
108,nikolskoye,75,RU,2020-04-18 01:58:30+00:00,89,37.4,59.7,30.79,15.66
109,evensk,1,RU,2020-04-18 01:58:30+00:00,88,21.33,61.95,159.23,6.11
110,puerto escondido,11,MX,2020-04-18 01:58:30+00:00,68,80.4,15.85,-97.07,2.64
111,eucaliptus,75,BO,2020-04-18 01:58:30+00:00,75,42.8,-17.58,-67.52,6.93
112,leh,92,IN,2020-04-18 01:53:38+00:00,19,35.89,34.17,77.58,3.11
113,atasu,91,KZ,2020-04-18 01:58:30+00:00,38,53.76,48.68,71.64,8.01
114,balgazyn,99,RU,2020-04-18 01:58:30+00:00,39,42.55,51.0,95.2,7.81
115,pangnirtung,100,CA,2020-04-18 01:58:30+00:00,88,1.42,66.15,-65.71,3.02
116,mineiros,14,BR,2020-04-18 01:58:31+00:00,77,64.49,-17.57,-52.55,6.04
117,saint-pierre,75,RE,2020-04-18 01:58:31+00:00,78,75.2,-21.34,55.48,11.41
118,lons,100,FR,2020-04-18 01:58:31+00:00,93,57.2,43.32,-0.4,4.7
119,waipawa,1,NZ,2020-04-18 01:55:14+00:00,72,62.6,-41.41,175.52,19.46
120,hilo,40,US,2020-04-18 01:57:17+00:00,57,80.6,19.73,-155.09,10.29
121,hithadhoo,10,MV,2020-04-18 01:55:06+00:00,79,83.88,-0.6,73.08,14.45
122,gweta,0,BW,2020-04-18 01:58:31+00:00,46,71.33,-20.18,25.23,13.06
123,centralia,1,US,2020-04-18 01:58:32+00:00,28,68.0,46.72,-122.95,4.7
124,alappuzha,82,IN,2020-04-18 01:58:32+00:00,72,85.62,9.49,76.33,3.36
125,baykit,95,RU,2020-04-18 01:58:32+00:00,80,35.06,61.67,96.37,4.0
126,port blair,61,IN,2020-04-18 01:58:32+00:00,71,83.5,11.67,92.75,3.38
127,san quintin,18,MX,2020-04-18 01:55:11+00:00,72,59.04,30.48,-115.95,11.77
128,peniche,6,PT,2020-04-18 01:58:32+00:00,93,51.01,39.36,-9.38,5.79
129,tuktoyaktuk,90,CA,2020-04-18 01:58:32+00:00,85,15.8,69.45,-133.04,12.75
130,nishihara,40,JP,2020-04-18 01:58:00+00:00,69,77.0,26.18,127.76,12.75
131,sitka,75,US,2020-04-18 01:58:33+00:00,76,51.8,57.05,-135.33,4.7
132,matagami,40,CA,2020-04-18 01:54:08+00:00,68,26.6,49.75,-77.63,4.54
133,maniitsoq,100,GL,2020-04-18 01:55:13+00:00,92,25.39,65.42,-52.9,8.97
134,east london,12,ZA,2020-04-18 01:58:33+00:00,84,66.22,-33.02,27.91,11.32
135,provideniya,100,RU,2020-04-18 01:58:33+00:00,95,26.51,64.38,-173.3,20.11
136,isangel,75,VU,2020-04-18 01:54:43+00:00,70,86.0,-19.55,169.27,5.82
137,khandyga,69,RU,2020-04-18 01:58:33+00:00,84,12.58,62.67,135.6,4.74
138,luderitz,8,NA,2020-04-18 01:58:33+00:00,93,53.6,-26.65,15.16,2.24
139,cherskiy,49,RU,2020-04-18 01:58:34+00:00,91,10.63,68.75,161.3,9.82
140,dabakala,100,CI,2020-04-18 01:58:34+00:00,78,78.15,8.37,-4.43,7.99
141,georgetown,20,MY,2020-04-18 01:54:27+00:00,78,87.8,5.41,100.34,3.36
142,talnakh,97,RU,2020-04-18 01:54:41+00:00,80,30.2,69.49,88.4,24.61
143,langenburg,48,DE,2020-04-18 01:58:34+00:00,81,51.8,49.25,9.85,2.24
144,vila velha,90,BR,2020-04-18 01:55:05+00:00,78,75.2,-20.33,-40.29,13.87
145,lebu,100,CL,2020-04-18 01:58:34+00:00,94,60.78,-37.62,-73.65,3.69
146,cidreira,4,BR,2020-04-18 01:54:43+00:00,87,64.29,-30.18,-50.21,2.15
147,clyde river,90,CA,2020-04-18 01:58:34+00:00,77,6.8,70.47,-68.59,14.99
148,caraballeda,20,VE,2020-04-18 01:58:35+00:00,70,72.0,10.61,-66.85,5.77
149,kahta,0,TR,2020-04-18 01:58:35+00:00,62,57.2,37.79,38.62,5.82
150,tiznit,0,MA,2020-04-18 01:55:33+00:00,66,55.06,29.58,-9.5,0.49
151,hobyo,30,SO,2020-04-18 01:58:35+00:00,75,83.16,5.35,48.53,10.69
152,terney,97,RU,2020-04-18 01:58:35+00:00,45,51.19,45.05,136.61,5.26
153,matsusaka,75,JP,2020-04-18 01:58:35+00:00,76,57.2,34.57,136.53,28.86
154,lasa,93,IT,2020-04-18 01:58:35+00:00,52,48.0,46.62,10.7,1.57
155,huarmey,75,PE,2020-04-18 01:58:35+00:00,75,73.33,-10.07,-78.15,7.29
156,pisco,3,PE,2020-04-18 01:56:52+00:00,77,71.01,-13.7,-76.22,13.87
157,souillac,40,MU,2020-04-18 01:58:36+00:00,78,75.2,-20.52,57.52,3.36
158,busselton,98,AU,2020-04-18 01:54:37+00:00,48,66.99,-33.65,115.33,7.09
159,general salgado,39,BR,2020-04-18 01:58:21+00:00,80,64.58,-20.65,-50.36,6.87
160,danbury,90,US,2020-04-18 01:56:56+00:00,86,37.4,41.39,-73.45,5.37
161,indiana,90,US,2020-04-18 01:58:36+00:00,86,37.99,40.0,-86.25,16.11
162,ambon,40,ID,2020-04-18 01:58:36+00:00,74,86.0,-3.7,128.18,3.36
163,kununurra,30,AU,2020-04-18 01:58:36+00:00,46,93.2,-15.77,128.73,4.7
164,te anau,49,NZ,2020-04-18 01:58:37+00:00,56,51.21,-45.42,167.72,8.61
165,kushima,75,JP,2020-04-18 01:58:37+00:00,49,68.0,31.46,131.23,25.28
166,gunzenhausen,1,DE,2020-04-18 01:58:37+00:00,62,55.4,49.1,10.75,3.36
167,olinda,40,BR,2020-04-18 01:58:37+00:00,94,78.8,-8.01,-34.86,3.36
168,poum,93,NC,2020-04-18 01:55:19+00:00,74,79.02,-20.23,164.02,8.34
169,kisangani,100,CD,2020-04-18 01:58:37+00:00,84,70.5,0.52,25.2,2.13
170,ishigaki,75,JP,2020-04-18 01:58:38+00:00,88,77.0,24.34,124.16,8.05
171,kem,95,RU,2020-04-18 01:58:38+00:00,97,30.96,64.96,34.58,14.52
172,saskylakh,0,RU,2020-04-18 01:58:38+00:00,88,8.71,71.92,114.08,4.99
173,arlit,0,NE,2020-04-18 01:55:10+00:00,13,80.11,18.74,7.39,5.23
174,rzhev,76,RU,2020-04-18 01:58:38+00:00,89,32.27,56.26,34.33,11.03
175,les cayes,5,HT,2020-04-18 01:58:38+00:00,79,79.05,18.2,-73.75,4.5
176,marystown,43,CA,2020-04-18 01:58:38+00:00,90,31.06,47.17,-55.15,12.46
177,potsdam,0,DE,2020-04-18 01:58:38+00:00,55,46.0,52.4,13.07,1.99
178,hirara,75,JP,2020-04-18 01:54:12+00:00,74,78.8,24.8,125.28,13.87
179,lorengau,59,PG,2020-04-18 01:58:39+00:00,69,84.31,-2.02,147.27,3.89
180,geraldton,58,AU,2020-04-18 01:58:39+00:00,57,80.6,-28.77,114.6,5.82
181,basco,97,PH,2020-04-18 01:58:39+00:00,90,78.31,20.45,121.97,12.08
182,qaqortoq,85,GL,2020-04-18 01:55:02+00:00,68,30.2,60.72,-46.03,14.99
183,oppdal,78,NO,2020-04-18 01:58:39+00:00,81,20.19,62.59,9.69,3.69
184,mildura,100,AU,2020-04-18 01:58:39+00:00,48,64.0,-34.2,142.15,8.05
185,bethel,90,US,2020-04-18 01:56:55+00:00,86,37.4,41.37,-73.41,5.21
186,leningradskiy,100,RU,2020-04-18 01:58:40+00:00,94,11.07,69.38,178.42,10.42
187,kieta,13,PG,2020-04-18 01:58:40+00:00,69,84.74,-6.22,155.63,2.64
188,port augusta,40,AU,2020-04-18 01:58:40+00:00,59,64.99,-32.5,137.77,4.7
189,qinggang,0,CN,2020-04-18 01:58:42+00:00,20,67.12,46.68,126.08,4.16
190,palencia,40,ES,2020-04-18 01:58:42+00:00,96,48.0,42.42,-4.5,1.41
191,faya,0,SA,2020-04-18 01:58:42+00:00,93,68.0,18.39,42.45,6.93
192,torbay,40,CA,2020-04-18 01:58:42+00:00,58,30.99,47.67,-52.73,6.93
193,banjar,40,ID,2020-04-18 01:58:42+00:00,84,86.0,-8.19,114.97,5.82
194,fortuna,20,US,2020-04-18 01:58:42+00:00,82,60.01,40.6,-124.16,9.17
195,lamu,97,KE,2020-04-18 01:58:43+00:00,82,80.69,-2.27,40.9,1.07
196,zhigansk,0,RU,2020-04-18 01:58:43+00:00,89,3.07,66.77,123.37,15.99
197,sao filipe,0,CV,2020-04-18 01:55:20+00:00,76,70.12,14.9,-24.5,18.5
198,mbanza-ngungu,100,CD,2020-04-18 01:58:43+00:00,83,69.21,-5.25,14.87,5.06
199,shimoda,75,JP,2020-04-18 01:58:43+00:00,88,62.6,34.67,138.95,28.86
200,bengkulu,77,ID,2020-04-18 01:58:43+00:00,68,84.81,-3.8,102.27,4.85
201,port-gentil,100,GA,2020-04-18 01:58:43+00:00,83,80.08,-0.72,8.78,7.2
202,sulangan,18,PH,2020-04-18 01:58:43+00:00,69,85.12,11.14,123.72,7.74
203,kuytun,99,RU,2020-04-18 01:55:33+00:00,68,37.53,54.34,101.5,9.93
204,krasnogorodsk,76,RU,2020-04-18 01:58:44+00:00,91,32.09,56.83,28.28,10.74
205,rutul,20,RU,2020-04-18 01:58:44+00:00,93,44.6,41.54,47.42,6.93
206,dunda,55,TZ,2020-04-18 01:58:44+00:00,66,64.22,-8.12,34.25,3.98
207,buraydah,40,SA,2020-04-18 01:58:44+00:00,60,69.8,26.33,43.98,9.17
208,castro,69,BR,2020-04-18 01:54:41+00:00,67,51.35,-24.79,-50.01,3.85
209,narasannapeta,0,IN,2020-04-18 01:58:44+00:00,62,88.21,18.42,84.05,13.38
210,avera,1,US,2020-04-18 01:58:44+00:00,63,64.4,33.19,-82.53,9.4
211,fershampenuaz,0,RU,2020-04-18 01:58:44+00:00,66,41.25,53.52,59.81,19.53
212,tabou,98,CI,2020-04-18 01:58:45+00:00,88,80.65,4.42,-7.35,10.13
213,katsuura,75,JP,2020-04-18 01:55:14+00:00,93,60.8,35.13,140.3,9.17
214,mahon,100,ES,2020-04-18 01:58:46+00:00,93,60.8,39.89,4.27,4.7
215,santa isabel,90,BR,2020-04-18 01:58:46+00:00,77,64.4,-23.32,-46.22,5.82
216,port hedland,100,AU,2020-04-18 01:58:46+00:00,36,95.0,-20.32,118.57,5.82
217,ribeira grande,67,PT,2020-04-18 01:58:46+00:00,80,60.24,38.52,-28.7,12.75
218,accrington,99,GB,2020-04-18 01:58:47+00:00,78,42.01,53.75,-2.36,8.99
219,mirnyy,100,RU,2020-04-18 01:58:47+00:00,44,17.6,62.54,113.96,8.95
220,sarakhs,87,IR,2020-04-18 01:58:47+00:00,48,63.0,36.54,61.16,5.32
221,champasak,100,LA,2020-04-18 01:58:47+00:00,78,78.85,14.75,106.0,2.53
222,manggar,100,ID,2020-04-18 01:58:47+00:00,66,86.5,-2.88,108.27,7.02
223,klaksvik,0,FO,2020-04-18 01:58:47+00:00,93,39.2,62.23,-6.59,9.17
224,mykhaylivka,67,UA,2020-04-18 01:58:47+00:00,48,43.0,47.27,35.22,4.94
225,vardo,100,NO,2020-04-18 01:58:48+00:00,97,32.49,70.37,31.11,26.04
226,lavrentiya,100,RU,2020-04-18 01:58:48+00:00,97,23.23,65.58,-171.0,13.22
227,constitucion,1,CL,2020-04-18 01:58:48+00:00,89,59.63,-35.33,-72.42,8.7
228,atambua,67,ID,2020-04-18 01:55:12+00:00,67,82.81,-9.11,124.89,2.71
229,moa,0,CU,2020-04-18 01:58:48+00:00,82,74.55,20.66,-74.94,8.41
230,buala,94,SB,2020-04-18 01:58:48+00:00,76,82.74,-8.14,159.59,5.41
231,atbasar,97,KZ,2020-04-18 01:58:48+00:00,39,52.79,51.8,68.33,14.81
232,gizo,58,SB,2020-04-18 01:58:48+00:00,67,85.05,-8.1,156.84,6.31
233,faanui,100,PF,2020-04-18 01:58:49+00:00,67,82.85,-16.48,-151.75,3.98
234,erdenet,6,MN,2020-04-18 01:58:49+00:00,30,46.81,49.03,104.08,8.28
235,yalvac,98,TR,2020-04-18 01:58:49+00:00,39,50.77,38.3,31.18,4.16
236,port shepstone,0,ZA,2020-04-18 01:58:49+00:00,76,66.27,-30.74,30.45,7.63
237,colares,32,PT,2020-04-18 01:58:49+00:00,88,55.99,38.8,-9.45,5.99
238,chuy,2,UY,2020-04-18 01:58:49+00:00,83,60.62,-33.7,-53.46,5.37
239,ahipara,13,NZ,2020-04-18 01:53:50+00:00,75,67.1,-35.17,173.17,10.94
240,mon,25,IN,2020-04-18 01:58:49+00:00,43,80.73,26.75,95.1,2.15
241,narsaq,69,GL,2020-04-18 01:57:04+00:00,68,30.2,60.92,-46.05,14.99
242,ponta do sol,12,PT,2020-04-18 01:57:33+00:00,70,57.0,32.67,-17.1,5.99
243,yelizovo,0,RU,2020-04-18 01:58:50+00:00,36,48.2,53.19,158.38,4.47
244,fukue,20,JP,2020-04-18 01:58:50+00:00,67,60.8,32.69,128.84,12.75
245,korla,86,CN,2020-04-18 01:58:50+00:00,33,63.27,41.76,86.15,9.51
246,santa lucia,40,ES,2020-04-18 01:58:50+00:00,68,66.2,27.91,-15.54,3.36
247,antalaha,57,MG,2020-04-18 01:58:50+00:00,79,75.85,-14.9,50.28,11.01
248,mar del plata,0,AR,2020-04-18 01:57:51+00:00,77,62.01,-38.0,-57.56,10.29
249,najran,5,SA,2020-04-18 01:58:50+00:00,64,71.6,17.49,44.13,3.36
250,vryburg,0,ZA,2020-04-18 01:58:51+00:00,22,57.36,-26.96,24.73,8.57
251,kawalu,54,ID,2020-04-18 01:55:53+00:00,51,87.98,-7.38,108.21,1.66
252,mongu,30,ZM,2020-04-18 01:58:51+00:00,53,67.03,-15.25,23.13,4.5
253,kargasok,100,RU,2020-04-18 01:58:51+00:00,70,45.16,59.06,80.86,15.32
254,mouila,100,GA,2020-04-18 01:58:51+00:00,91,74.48,-1.87,11.06,2.21
255,nantucket,90,US,2020-04-18 01:58:41+00:00,56,44.6,41.28,-70.1,24.16
256,brzeg dolny,1,PL,2020-04-18 01:58:51+00:00,60,39.2,51.27,16.71,6.93
257,bonavista,73,CA,2020-04-18 01:58:51+00:00,73,28.99,48.65,-53.11,7.0
258,road town,0,VG,2020-04-18 01:58:52+00:00,80,79.0,18.42,-64.62,15.01
259,umm lajj,2,SA,2020-04-18 01:55:00+00:00,59,68.72,25.02,37.27,5.82
260,high level,75,CA,2020-04-18 01:55:35+00:00,60,39.2,58.52,-117.14,17.22
261,thompson,90,CA,2020-04-18 01:58:52+00:00,97,32.0,55.74,-97.86,12.75
262,baracoa,0,CU,2020-04-18 01:58:52+00:00,78,78.84,20.35,-74.5,12.39
263,ballina,40,AU,2020-04-18 01:58:52+00:00,73,78.01,-28.87,153.57,6.93
264,whitehorse,75,CA,2020-04-18 01:58:39+00:00,32,53.6,60.72,-135.05,3.36
265,udachnyy,19,RU,2020-04-18 01:53:57+00:00,65,5.0,66.42,112.4,4.47
266,broome,90,US,2020-04-18 01:54:09+00:00,92,34.0,42.25,-75.83,4.7
267,khash,6,IR,2020-04-18 01:58:53+00:00,35,61.54,28.22,61.22,3.49
268,pevek,23,RU,2020-04-18 01:58:53+00:00,93,8.28,69.7,170.31,9.26
269,inhambane,74,MZ,2020-04-18 01:58:53+00:00,83,75.0,-23.86,35.38,7.85
270,saint-leu,75,RE,2020-04-18 01:58:53+00:00,78,75.2,-21.15,55.28,11.41
271,laguna,1,US,2020-04-18 01:58:53+00:00,59,62.6,38.42,-121.42,16.11
272,dauriya,100,RU,2020-04-18 01:55:07+00:00,23,59.72,49.93,116.87,19.22
273,praya,20,CV,2020-04-18 01:58:53+00:00,68,71.6,14.92,-23.51,13.87
274,miles city,1,US,2020-04-18 01:58:53+00:00,26,55.4,46.41,-105.84,17.22
275,sicamous,100,CA,2020-04-18 01:58:54+00:00,92,46.0,50.83,-118.99,2.33
276,tautira,95,PF,2020-04-18 01:58:54+00:00,66,87.8,-17.73,-149.15,5.82
277,minot,40,US,2020-04-18 01:58:54+00:00,26,55.4,48.23,-101.3,9.17
278,alofi,12,NU,2020-04-18 01:55:35+00:00,70,84.2,-19.06,-169.92,12.75
279,lar,8,IN,2020-04-18 01:58:54+00:00,40,88.25,26.2,83.97,7.63
280,lethem,82,GY,2020-04-18 01:58:54+00:00,73,79.14,3.38,-59.8,6.8
281,wufeng,80,CN,2020-04-18 01:58:54+00:00,46,60.51,27.45,104.83,3.02
282,krasnoselkup,100,RU,2020-04-18 01:58:55+00:00,98,35.85,65.7,82.47,17.87
283,santa barbara,90,US,2020-04-18 01:58:55+00:00,63,63.0,34.42,-119.7,6.93
284,jacqueville,20,CI,2020-04-18 01:58:55+00:00,88,82.4,5.21,-4.41,3.36
285,ulkan,53,RU,2020-04-18 01:58:55+00:00,77,31.51,57.24,107.32,13.47
286,beidao,100,CN,2020-04-18 01:58:55+00:00,33,58.98,34.57,105.89,3.58
287,hovd,0,MN,2020-04-18 01:55:35+00:00,35,45.5,48.01,91.64,3.13
288,maple creek,100,CA,2020-04-18 01:58:55+00:00,65,42.64,49.92,-109.48,15.01
289,artyom,20,AZ,2020-04-18 01:58:55+00:00,93,51.8,40.47,50.33,16.11
290,mayo,75,US,2020-04-18 01:58:56+00:00,62,54.0,38.89,-76.51,9.17
291,kohat,39,PK,2020-04-18 01:58:56+00:00,50,64.81,33.58,71.45,2.06
292,chernyakhiv,11,UA,2020-04-18 01:58:56+00:00,81,33.67,50.46,28.67,6.98
293,wattegama,96,LK,2020-04-18 01:58:56+00:00,64,85.53,6.8,81.48,3.04
294,muroto,20,JP,2020-04-18 01:58:56+00:00,42,68.0,33.28,134.15,19.46
295,nara,75,JP,2020-04-18 01:54:22+00:00,77,61.0,34.69,135.8,3.36
296,brigantine,90,US,2020-04-18 01:58:56+00:00,61,50.0,39.41,-74.36,10.29
297,belaya gora,79,RU,2020-04-18 01:58:56+00:00,89,3.6,68.53,146.42,5.99
298,pontes e lacerda,28,BR,2020-04-18 01:58:56+00:00,71,62.42,-15.23,-59.34,2.51
299,victoria,100,HK,2020-04-18 01:55:24+00:00,69,78.01,22.29,114.16,8.01
300,pitimbu,20,BR,2020-04-18 01:58:57+00:00,100,77.0,-7.47,-34.81,2.24
301,minab,74,IR,2020-04-18 01:58:57+00:00,94,69.8,27.15,57.08,4.7
302,tuckahoe,43,US,2020-04-18 01:58:57+00:00,39,64.99,37.59,-77.56,3.0
303,laiyang,10,CN,2020-04-18 01:58:57+00:00,35,66.16,36.98,120.71,10.47
304,kardla,0,EE,2020-04-18 01:58:57+00:00,82,39.0,59.0,22.75,15.01
305,zemio,100,CF,2020-04-18 01:58:57+00:00,75,73.42,5.03,25.14,8.01
306,port lincoln,39,AU,2020-04-18 01:58:57+00:00,60,65.41,-34.73,135.87,12.44
307,yarada,40,IN,2020-04-18 01:58:57+00:00,83,82.4,17.65,83.27,8.05
308,saint george,1,US,2020-04-18 01:58:28+00:00,21,72.0,37.1,-113.58,13.87
309,talara,63,PE,2020-04-18 01:58:58+00:00,75,74.86,-4.58,-81.27,8.5
310,maldonado,20,UY,2020-04-18 01:58:58+00:00,100,60.8,-34.67,-54.92,6.93
311,batsfjord,100,NO,2020-04-18 01:58:58+00:00,91,33.93,70.63,29.72,20.67
312,gamba,100,GA,2020-04-18 01:58:58+00:00,89,78.73,-2.65,10.0,2.82
313,mehamn,100,NO,2020-04-18 01:58:59+00:00,93,34.92,71.04,27.85,23.24
314,meadow lake,75,US,2020-04-18 01:58:59+00:00,14,66.2,34.8,-106.54,11.41
315,okha,100,RU,2020-04-18 01:58:59+00:00,92,26.62,53.57,142.95,12.1
316,bitung,40,ID,2020-04-18 01:58:59+00:00,70,87.8,1.45,125.18,3.36
317,qingquan,100,CN,2020-04-18 01:59:00+00:00,78,58.87,30.45,115.26,7.31
318,vuktyl,96,RU,2020-04-18 01:59:00+00:00,84,34.92,63.86,57.31,6.06
319,krasnyy chikoy,71,RU,2020-04-18 01:59:00+00:00,39,46.9,50.36,108.75,10.83
320,boguchany,36,RU,2020-04-18 01:59:00+00:00,69,38.73,58.38,97.45,6.8
321,tikhvin,56,RU,2020-04-18 01:59:00+00:00,96,31.95,59.65,33.53,7.45
322,kahului,40,US,2020-04-18 01:59:00+00:00,54,82.4,20.89,-156.47,19.46
323,xinqing,5,CN,2020-04-18 01:59:00+00:00,23,64.6,48.23,129.5,5.55
324,kyabram,100,AU,2020-04-18 01:59:01+00:00,42,64.0,-36.32,145.05,6.98
325,tilichiki,35,RU,2020-04-18 01:54:42+00:00,91,16.02,60.47,166.1,16.84
326,shangrao,54,CN,2020-04-18 01:59:01+00:00,59,76.8,28.45,117.97,7.85
327,saldanha,8,ZA,2020-04-18 01:55:13+00:00,76,53.6,-33.01,17.94,3.36
328,binga,45,ZW,2020-04-18 01:59:01+00:00,52,74.3,-17.62,27.34,4.56
329,netanya,20,IL,2020-04-18 01:59:01+00:00,82,62.6,32.33,34.86,3.36
330,yerbogachen,85,RU,2020-04-18 01:55:30+00:00,84,21.92,61.28,108.01,10.89
331,vaasa,0,FI,2020-04-18 01:59:01+00:00,64,35.6,63.1,21.62,16.11
332,baturaja,46,ID,2020-04-18 01:59:01+00:00,62,88.45,-4.13,104.17,1.59
333,seshcha,9,RU,2020-04-18 01:59:02+00:00,92,30.74,53.74,33.34,9.8
334,sobolevo,0,RU,2020-04-18 01:59:02+00:00,93,30.45,54.43,31.9,11.77
335,tortoli,75,IT,2020-04-18 01:59:02+00:00,100,59.0,39.93,9.66,11.41
336,aswan,60,EG,2020-04-18 01:59:02+00:00,45,63.93,24.09,32.91,8.16
337,togur,86,RU,2020-04-18 01:59:02+00:00,67,43.3,58.36,82.83,11.32
338,gewane,100,ET,2020-04-18 01:59:02+00:00,72,72.77,10.17,40.65,8.52
339,port-cartier,75,CA,2020-04-18 01:59:02+00:00,45,28.0,50.03,-66.87,8.05
340,erzurum,0,TR,2020-04-18 01:59:03+00:00,92,28.4,40.0,41.5,2.24
341,pacific grove,99,US,2020-04-18 01:59:03+00:00,60,57.0,36.62,-121.92,6.04
342,krasnoye,42,UA,2020-04-18 01:59:03+00:00,74,32.0,49.91,24.61,4.27
343,jiguani,40,CU,2020-04-18 01:59:03+00:00,69,80.6,20.37,-76.43,12.75
344,mangaratiba,90,BR,2020-04-18 01:59:03+00:00,78,71.6,-22.96,-44.04,5.57
345,caravelas,17,BR,2020-04-18 01:59:03+00:00,86,77.63,-17.71,-39.25,14.45
346,yelabuga,75,RU,2020-04-18 01:59:03+00:00,93,35.6,55.76,52.06,20.13
347,fevik,17,NO,2020-04-18 01:59:03+00:00,92,30.2,58.38,8.68,5.82
348,koumac,82,NC,2020-04-18 01:59:04+00:00,67,80.65,-20.57,164.28,2.08
349,ganzhou,97,CN,2020-04-18 01:59:04+00:00,74,65.98,28.82,115.43,5.99
350,tacuati,98,PY,2020-04-18 01:59:04+00:00,49,61.54,-23.45,-56.58,2.53
351,yeniseysk,23,RU,2020-04-18 01:59:04+00:00,72,44.76,58.45,92.17,2.68
352,sonta,1,RS,2020-04-18 01:59:04+00:00,70,51.01,45.59,19.1,2.24
353,katwijk,82,NL,2020-04-18 01:58:06+00:00,83,44.01,52.19,4.42,5.01
354,thinadhoo,20,MV,2020-04-18 01:59:04+00:00,75,84.79,0.53,72.93,8.84
355,nemuro,20,JP,2020-04-18 01:59:05+00:00,28,57.2,43.32,145.57,5.82
356,coquimbo,0,CL,2020-04-18 01:59:05+00:00,93,57.2,-29.95,-71.34,4.7
357,yar-sale,100,RU,2020-04-18 01:59:05+00:00,98,34.92,66.83,70.83,10.69
358,timizart,100,DZ,2020-04-18 01:59:05+00:00,72,63.3,36.8,4.27,1.81
359,flinders,0,AU,2020-04-18 01:59:05+00:00,42,70.0,-34.58,150.86,1.99
360,chone,97,EC,2020-04-18 01:59:06+00:00,88,75.45,-0.68,-80.1,3.49
361,hastings,100,GB,2020-04-18 01:59:06+00:00,94,46.0,50.86,0.57,1.01
362,altay,0,CN,2020-04-18 01:59:06+00:00,32,51.37,47.87,88.12,1.21
363,hounde,40,BF,2020-04-18 01:59:06+00:00,41,85.77,11.5,-3.52,7.16
364,menongue,73,AO,2020-04-18 01:59:06+00:00,54,62.69,-14.66,17.69,3.58
365,comodoro rivadavia,77,AR,2020-04-18 01:57:58+00:00,55,66.2,-45.87,-67.5,11.41
366,valdemarpils,0,LV,2020-04-18 01:59:07+00:00,80,41.0,57.37,22.59,12.75
367,ambilobe,56,MG,2020-04-18 01:54:34+00:00,74,73.6,-13.2,49.05,7.11
368,touros,20,BR,2020-04-18 01:59:07+00:00,94,77.0,-5.2,-35.46,8.28
369,coolum beach,100,AU,2020-04-18 01:59:07+00:00,79,82.99,-26.53,153.1,4.76
370,birao,64,CF,2020-04-18 01:59:07+00:00,15,72.23,10.28,22.79,5.23
371,puerto ayacucho,21,VE,2020-04-18 01:59:08+00:00,67,79.97,5.66,-67.62,4.47
372,mango,75,US,2020-04-18 01:59:08+00:00,88,78.01,27.98,-82.31,2.21
373,balabac,21,PH,2020-04-18 01:59:08+00:00,67,87.57,7.99,117.06,9.82
374,margate,99,GB,2020-04-18 01:59:08+00:00,94,48.0,51.38,1.39,8.01
375,coihaique,62,CL,2020-04-18 01:54:19+00:00,81,50.0,-45.58,-72.07,5.82
376,karratha,74,AU,2020-04-18 01:59:08+00:00,35,92.41,-20.74,116.85,4.29
377,dudinka,100,RU,2020-04-18 01:59:09+00:00,80,30.2,69.41,86.18,24.61
378,sinnamary,94,GF,2020-04-18 01:59:09+00:00,84,79.27,5.38,-52.95,12.19
379,usinsk,29,RU,2020-04-18 01:57:54+00:00,88,33.53,65.99,57.53,8.59
380,ojinaga,1,MX,2020-04-18 01:59:09+00:00,14,84.2,29.57,-104.42,11.41
381,rwamagana,40,RW,2020-04-18 01:57:48+00:00,93,66.2,-1.95,30.43,0.13
382,labytnangi,100,RU,2020-04-18 01:59:10+00:00,95,33.39,66.66,66.42,6.31
383,graham,20,US,2020-04-18 01:59:10+00:00,51,68.0,47.05,-122.29,8.05
384,popondetta,53,PG,2020-04-18 01:56:09+00:00,53,89.83,-8.75,148.25,4.21
385,kalas,80,IN,2020-04-18 01:59:10+00:00,29,88.43,18.17,74.8,13.27
386,cayenne,90,GF,2020-04-18 01:59:10+00:00,100,75.2,4.93,-52.33,6.6
387,san juan,0,AR,2020-04-18 01:55:14+00:00,34,71.82,-31.54,-68.54,6.91
388,krasnyy luch,83,UA,2020-04-18 01:59:11+00:00,62,39.88,48.14,38.94,2.73
389,cockburn town,5,TC,2020-04-18 01:59:11+00:00,80,78.96,21.46,-71.14,17.63
390,yinchuan,99,CN,2020-04-18 01:59:11+00:00,38,54.0,38.47,106.27,5.99
391,plettenberg bay,85,ZA,2020-04-18 01:59:11+00:00,80,59.86,-34.05,23.37,4.18
392,nelson bay,97,AU,2020-04-18 01:59:09+00:00,35,70.0,-32.72,152.15,8.05
393,kargil,99,IN,2020-04-18 01:59:11+00:00,25,33.64,34.57,76.1,2.57
394,tarcau,100,RO,2020-04-18 01:59:12+00:00,70,50.0,46.87,26.13,1.88
395,baglung,1,NP,2020-04-18 01:59:12+00:00,26,75.11,28.27,83.59,2.95
396,santa rosa,75,PH,2020-04-18 01:57:47+00:00,66,90.0,14.31,121.11,8.05
397,charters towers,57,AU,2020-04-18 01:59:12+00:00,42,87.85,-20.1,146.27,2.46
398,ayagoz,10,KZ,2020-04-18 01:59:12+00:00,41,51.84,47.97,80.44,6.82
399,berlevag,100,NO,2020-04-18 01:59:13+00:00,93,35.06,70.86,29.09,25.61
400,ust-barguzin,87,RU,2020-04-18 01:59:13+00:00,64,37.76,53.45,108.98,7.25
401,nakasongola,100,UG,2020-04-18 01:59:13+00:00,71,66.76,1.31,32.46,5.23
402,sankt florian,67,AT,2020-04-18 01:59:13+00:00,81,48.99,48.21,14.38,1.12
403,northam,100,GB,2020-04-18 01:56:00+00:00,93,51.01,51.03,-4.22,5.99
404,wahiawa,1,US,2020-04-18 01:59:13+00:00,51,84.2,21.5,-158.02,10.29
405,aksarka,97,RU,2020-04-18 01:55:11+00:00,97,32.85,66.56,67.8,7.14
406,dori,45,BF,2020-04-18 01:59:13+00:00,13,83.21,14.04,-0.03,8.14
407,kungurtug,76,RU,2020-04-18 01:59:14+00:00,41,35.56,50.6,97.52,7.23
408,awjilah,0,LY,2020-04-18 01:59:14+00:00,61,60.3,29.11,21.29,7.94
409,oltu,3,TR,2020-04-18 01:59:14+00:00,36,46.72,40.55,42.0,3.31
410,algiers,75,DZ,2020-04-18 01:59:14+00:00,93,64.4,36.75,3.04,3.36
411,phan thiet,98,VN,2020-04-18 01:56:16+00:00,64,86.61,10.93,108.1,8.72
412,nanortalik,100,GL,2020-04-18 01:59:14+00:00,90,28.58,60.14,-45.24,14.85
413,el reno,1,US,2020-04-18 01:59:15+00:00,75,45.0,35.53,-97.95,4.7
414,jalu,0,LY,2020-04-18 01:59:15+00:00,56,61.41,29.03,21.55,8.08
415,wentzville,100,US,2020-04-18 01:57:52+00:00,78,39.99,38.81,-90.85,3.0
416,baiyin,13,CN,2020-04-18 01:59:15+00:00,61,46.4,36.56,104.21,4.47
417,manta,75,EC,2020-04-18 01:56:14+00:00,83,80.6,-0.95,-80.73,4.7
418,hearst,16,CA,2020-04-18 01:59:15+00:00,94,23.13,49.68,-83.67,8.52
419,mahajanga,20,MG,2020-04-18 01:55:25+00:00,88,68.0,-15.72,46.32,3.36
420,ust-tsilma,100,RU,2020-04-18 01:59:15+00:00,93,34.83,65.44,52.15,7.02
421,sarana,81,RU,2020-04-18 01:59:15+00:00,78,38.73,56.48,57.73,12.37
422,greytown,2,ZA,2020-04-18 01:59:16+00:00,71,51.58,-29.06,30.59,1.61
423,valparaiso,11,CL,2020-04-18 01:59:16+00:00,87,57.2,-33.04,-71.63,4.7
424,sorland,100,NO,2020-04-18 01:55:24+00:00,94,38.82,67.67,12.69,16.13
425,palmer,90,US,2020-04-18 01:59:16+00:00,45,44.6,42.16,-72.33,9.17
426,veraval,0,IN,2020-04-18 01:59:16+00:00,44,85.55,20.9,70.37,9.53
427,ostersund,80,SE,2020-04-18 01:59:16+00:00,86,32.0,63.18,14.64,12.75
428,dong hoi,97,VN,2020-04-18 01:58:07+00:00,58,86.52,17.48,106.6,5.68
429,panguna,26,PG,2020-04-18 01:59:17+00:00,67,78.96,-6.32,155.48,1.19
430,ejutla de crespo,44,MX,2020-04-18 01:59:17+00:00,46,71.02,16.57,-96.73,1.34
431,saint marys,1,US,2020-04-18 01:56:03+00:00,100,68.0,30.73,-81.55,4.7
432,kalianget,13,ID,2020-04-18 01:59:17+00:00,72,86.05,-7.05,113.93,8.81
433,la louviere,100,BE,2020-04-18 01:59:17+00:00,75,53.01,50.47,4.16,1.01
434,rocha,0,UY,2020-04-18 01:55:26+00:00,91,56.98,-34.48,-54.33,4.68
435,roma,90,US,2020-04-18 01:58:45+00:00,74,37.4,43.21,-75.46,4.7
436,lakhdenpokhya,67,RU,2020-04-18 01:59:17+00:00,85,36.0,61.52,30.2,13.15
437,brae,0,GB,2020-04-18 01:59:18+00:00,93,39.2,60.4,-1.35,2.24
438,krasnyye chetai,98,RU,2020-04-18 01:59:18+00:00,87,33.87,55.69,46.14,9.08
439,verkhnyaya inta,83,RU,2020-04-18 01:59:18+00:00,82,34.7,65.98,60.31,8.59
440,kamariotissa,0,GR,2020-04-18 01:59:18+00:00,81,46.4,40.48,25.47,1.25
441,batticaloa,53,LK,2020-04-18 01:59:18+00:00,67,85.75,7.71,81.69,8.95
442,bandarbeyla,42,SO,2020-04-18 01:54:43+00:00,72,81.5,9.49,50.81,6.85
443,jiutai,36,CN,2020-04-18 01:59:18+00:00,32,55.4,44.15,125.83,2.24
444,vao,51,NC,2020-04-18 01:59:19+00:00,69,74.79,-22.67,167.48,9.75
445,panzhihua,22,CN,2020-04-18 01:59:19+00:00,44,72.0,26.59,101.71,4.56
446,ercis,1,TR,2020-04-18 01:59:19+00:00,37,39.2,39.03,43.36,1.77
447,ofunato,75,JP,2020-04-18 01:59:19+00:00,93,44.6,39.07,141.72,2.24
448,yermakovskoye,0,RU,2020-04-18 01:59:19+00:00,51,45.72,53.28,92.4,3.24
449,sarkand,63,KZ,2020-04-18 01:59:19+00:00,30,58.26,45.41,79.92,3.13
450,boddam,90,GB,2020-04-18 01:59:19+00:00,65,41.0,57.47,-1.78,5.82
451,bani walid,11,LY,2020-04-18 01:59:19+00:00,67,59.07,31.76,13.99,1.52
452,chara,100,RU,2020-04-18 01:59:20+00:00,75,21.9,56.91,118.26,8.21
453,tura,93,IN,2020-04-18 01:59:20+00:00,70,77.02,25.52,90.22,5.12
454,trairi,49,BR,2020-04-18 01:59:20+00:00,83,78.04,-3.28,-39.27,2.89
455,katsina,98,NG,2020-04-18 01:59:20+00:00,11,74.35,12.99,7.6,6.67
456,lakatoro,75,VU,2020-04-18 01:59:20+00:00,74,84.2,-16.1,167.42,8.05
457,aldan,100,RU,2020-04-18 01:59:20+00:00,81,12.94,58.6,125.39,7.31
458,wabana,40,CA,2020-04-18 01:59:20+00:00,58,30.99,47.63,-52.95,6.93
459,kyshtym,2,RU,2020-04-18 01:59:21+00:00,66,41.59,55.71,60.55,10.96
460,auki,98,SB,2020-04-18 01:55:27+00:00,79,81.34,-8.77,160.7,3.22
461,kavaratti,96,IN,2020-04-18 01:59:21+00:00,68,84.72,10.57,72.64,3.78
462,rawson,55,AR,2020-04-18 01:58:40+00:00,44,76.03,-43.3,-65.1,20.49
463,north bend,1,US,2020-04-18 01:59:21+00:00,81,59.0,43.41,-124.22,14.99
464,gien,84,FR,2020-04-18 01:59:21+00:00,89,57.0,47.69,2.63,5.61
465,krasnovishersk,100,RU,2020-04-18 01:59:21+00:00,90,34.72,60.41,57.08,6.91
466,sompeta,0,IN,2020-04-18 01:59:21+00:00,59,89.24,18.93,84.6,13.42
467,longyearbyen,75,SJ,2020-04-18 01:59:21+00:00,92,30.2,78.22,15.64,8.05
468,dunedin,99,NZ,2020-04-18 01:55:21+00:00,96,51.01,-45.87,170.5,4.0
469,launceston,40,AU,2020-04-18 01:59:22+00:00,46,57.99,-41.45,147.17,5.82
470,quatre cocos,40,MU,2020-04-18 01:59:22+00:00,78,75.2,-20.21,57.76,3.36
471,saint-francois,90,FR,2020-04-18 01:59:22+00:00,82,55.4,46.42,3.91,4.7
472,port pirie,40,AU,2020-04-18 01:59:22+00:00,59,64.4,-33.18,138.02,4.7
473,naze,75,JP,2020-04-18 01:59:22+00:00,88,69.8,28.37,129.48,2.24
474,minsk mazowiecki,11,PL,2020-04-18 01:59:22+00:00,58,37.99,52.18,21.57,3.13
475,suriapet,40,IN,2020-04-18 01:59:22+00:00,52,86.72,17.15,79.62,10.25
476,rosendahl,56,DE,2020-04-18 01:59:23+00:00,62,48.0,51.77,7.95,4.36
477,nicoya,1,CR,2020-04-18 01:59:23+00:00,81,72.0,10.15,-85.45,18.01
478,patacamaya,90,BO,2020-04-18 01:59:23+00:00,26,42.28,-17.23,-67.92,4.14
479,winnemucca,1,US,2020-04-18 01:59:24+00:00,11,62.6,40.97,-117.74,6.93
480,airai,94,TL,2020-04-18 01:59:24+00:00,52,73.24,-8.93,125.41,4.32
481,hay river,75,CA,2020-04-18 01:59:24+00:00,74,33.8,60.82,-115.8,4.7
482,santo tomas,75,PH,2020-04-18 01:59:24+00:00,66,90.0,14.11,121.14,8.05
483,anadyr,90,RU,2020-04-18 01:59:24+00:00,78,15.8,64.75,177.48,11.18
484,codrington,100,AU,2020-04-18 01:54:57+00:00,64,58.51,-38.27,141.97,7.0
485,tabuk,35,PH,2020-04-18 01:59:25+00:00,55,87.49,17.42,121.44,7.74
486,altoona,100,US,2020-04-18 01:55:09+00:00,97,39.0,40.52,-78.39,5.23
487,vadso,100,NO,2020-04-18 01:59:25+00:00,94,33.8,70.07,29.75,35.57
488,seoul,0,KR,2020-04-18 01:56:35+00:00,58,59.0,37.57,126.98,6.93
489,alta floresta,100,BR,2020-04-18 01:59:25+00:00,91,71.65,-9.88,-56.09,2.37
490,merano,88,IT,2020-04-18 01:59:25+00:00,39,54.84,46.67,11.16,1.43
491,banda aceh,92,ID,2020-04-18 01:58:02+00:00,69,85.03,5.56,95.32,3.29
492,hohhot,100,CN,2020-04-18 01:59:25+00:00,26,55.4,40.81,111.65,6.71
493,pemangkat,100,ID,2020-04-18 01:59:26+00:00,82,80.1,1.17,108.97,8.97
494,the valley,20,AI,2020-04-18 01:59:26+00:00,69,80.6,18.22,-63.06,8.05
495,jatai,12,BR,2020-04-18 01:59:26+00:00,76,64.62,-17.88,-51.71,6.38
496,omsukchan,100,RU,2020-04-18 01:59:26+00:00,83,7.34,62.53,155.8,8.99
497,rafai,100,CF,2020-04-18 01:59:26+00:00,83,71.46,4.95,23.92,4.12
498,riyadh,5,SA,2020-04-18 01:58:23+00:00,68,66.2,24.69,46.72,6.93
499,thessalon,1,CA,2020-04-18 01:59:26+00:00,68,35.6,46.25,-83.57,3.69
500,cam ranh,40,VN,2020-04-18 01:59:26+00:00,84,86.0,11.92,109.16,3.36
501,luena,84,AO,2020-04-18 01:59:26+00:00,65,61.72,-11.78,19.92,3.83
502,jahazpur,52,IN,2020-04-18 01:59:26+00:00,19,91.24,25.62,75.28,15.59
503,viedma,51,AR,2020-04-18 01:56:06+00:00,39,73.76,-40.81,-63.0,19.8
504,matay,10,EG,2020-04-18 01:59:27+00:00,70,60.48,28.42,30.78,12.82
505,onokhoy,20,RU,2020-04-18 01:59:28+00:00,39,46.4,51.93,108.07,15.66
506,vilhena,77,BR,2020-04-18 01:59:28+00:00,66,66.27,-12.74,-60.15,5.55
507,dingzhou,94,CN,2020-04-18 01:59:28+00:00,51,60.8,38.51,115.0,2.24
508,raudeberg,23,NO,2020-04-18 01:59:28+00:00,80,37.0,61.99,5.14,8.05
509,khani,90,GE,2020-04-18 01:59:28+00:00,100,39.2,41.96,42.96,1.12
510,foix,92,FR,2020-04-18 01:59:28+00:00,40,55.99,42.83,1.58,5.01
511,wuwei,76,CN,2020-04-18 01:59:29+00:00,37,59.0,37.93,102.64,16.64
512,maxixe,73,MZ,2020-04-18 01:59:29+00:00,84,74.48,-23.86,35.35,7.4
513,la orilla,73,MX,2020-04-18 01:59:29+00:00,71,75.16,17.98,-102.23,1.43
514,inuvik,75,CA,2020-04-18 01:59:29+00:00,74,33.8,68.35,-133.72,4.7
515,turukhansk,71,RU,2020-04-18 01:59:29+00:00,87,39.02,65.82,87.98,10.76
516,vila franca do campo,20,PT,2020-04-18 01:59:29+00:00,87,53.6,37.72,-25.43,4.7
517,south berwick,100,US,2020-04-18 01:59:29+00:00,54,41.0,43.23,-70.81,4.81
518,hofn,100,IS,2020-04-18 01:59:29+00:00,83,42.24,64.25,-15.21,10.0
519,nouakchott,0,MR,2020-04-18 01:55:51+00:00,82,66.2,18.09,-15.98,16.11
520,tshikapa,100,CD,2020-04-18 01:59:30+00:00,82,72.52,-6.42,20.8,1.72
521,aquin,4,HT,2020-04-18 01:59:30+00:00,78,79.65,18.28,-73.4,2.13
522,arinos,29,BR,2020-04-18 01:59:30+00:00,79,70.38,-15.92,-46.11,2.04
523,nouadhibou,0,MR,2020-04-18 01:59:30+00:00,88,64.4,20.93,-17.03,12.75
524,moba,100,CN,2020-04-18 01:59:30+00:00,34,55.45,33.23,105.02,4.18
525,kharitonovo,100,RU,2020-04-18 01:59:30+00:00,92,33.53,61.4,47.5,2.57
526,abdanan,78,IR,2020-04-18 01:59:30+00:00,35,60.49,32.99,47.42,1.39
527,takoradi,100,GH,2020-04-18 01:55:01+00:00,85,80.89,4.88,-1.76,9.6
528,westport,100,US,2020-04-18 01:59:31+00:00,91,41.0,41.14,-73.36,6.33
529,shymkent,0,KZ,2020-04-18 01:58:37+00:00,81,48.2,42.3,69.6,6.71
530,necochea,2,AR,2020-04-18 01:59:31+00:00,85,61.0,-38.55,-58.74,7.0
531,san policarpo,18,PH,2020-04-18 01:59:31+00:00,79,82.94,12.18,125.51,13.29
532,karasburg,39,NA,2020-04-18 01:59:31+00:00,21,61.75,-28.02,18.75,10.18
533,amos,75,CA,2020-04-18 01:59:31+00:00,96,32.0,48.57,-78.12,6.93
534,zavetnoye,100,RU,2020-04-18 01:59:31+00:00,71,47.79,47.12,43.89,10.98
535,wanning,98,CN,2020-04-18 01:59:32+00:00,81,80.08,18.8,110.4,8.3
536,nome,90,US,2020-04-18 01:55:38+00:00,100,35.6,64.5,-165.41,13.87
537,lazaro cardenas,70,MX,2020-04-18 01:59:32+00:00,71,75.42,17.96,-102.2,1.36
538,jiangdu,84,CN,2020-04-18 01:59:32+00:00,58,70.0,32.43,119.56,1.01
539,zdvinsk,3,RU,2020-04-18 01:59:32+00:00,76,48.83,54.7,78.66,10.13
540,xai-xai,67,MZ,2020-04-18 01:59:32+00:00,82,72.64,-25.05,33.64,5.84
541,grootfontein,18,NA,2020-04-18 01:59:32+00:00,39,62.06,-19.57,18.12,4.03
542,moose factory,1,CA,2020-04-18 01:59:32+00:00,53,26.6,51.26,-80.61,4.7
543,djibo,26,BF,2020-04-18 01:59:33+00:00,13,81.84,14.1,-1.63,6.4
544,pringsewu,10,ID,2020-04-18 01:59:33+00:00,59,88.54,-5.36,104.97,2.73
545,skoghall,14,SE,2020-04-18 01:59:33+00:00,64,35.01,59.32,13.47,5.82
546,berezovka,0,BY,2020-04-18 01:59:33+00:00,94,30.09,53.72,25.5,9.13
547,concepcion del oro,100,MX,2020-04-18 01:59:33+00:00,19,68.05,24.63,-101.42,2.82
548,bilma,0,NE,2020-04-18 01:59:33+00:00,13,80.44,18.69,12.92,8.23
549,sola,89,VU,2020-04-18 01:55:18+00:00,75,82.06,-13.88,167.55,9.42
550,camargo,50,MX,2020-04-18 01:59:33+00:00,11,76.44,27.67,-105.17,16.89
551,beisfjord,97,NO,2020-04-18 01:59:33+00:00,80,35.6,68.38,17.6,18.34
552,malatya,0,TR,2020-04-18 01:59:34+00:00,87,44.6,38.5,38.0,1.12
553,mpika,93,ZM,2020-04-18 01:59:34+00:00,61,61.05,-11.83,31.45,9.15
554,general roca,69,AR,2020-04-18 01:59:34+00:00,72,64.4,-39.03,-67.58,9.82
555,gushikawa,1,JP,2020-04-18 01:59:34+00:00,73,77.0,26.35,127.87,9.17
556,sao paulo de olivenca,100,BR,2020-04-18 01:59:34+00:00,95,74.32,-3.38,-68.87,2.59
557,manacor,20,ES,2020-04-18 01:59:34+00:00,93,59.0,39.57,3.21,2.24
558,ayan,80,RU,2020-04-18 01:54:44+00:00,80,24.91,56.45,138.17,13.67
559,antofagasta,75,CL,2020-04-18 01:55:11+00:00,82,62.6,-23.65,-70.4,8.05
560,tecoanapa,94,MX,2020-04-18 01:59:35+00:00,71,79.65,16.52,-98.75,2.04
561,chulym,2,RU,2020-04-18 01:59:35+00:00,79,45.75,55.1,80.96,8.68
562,palu,59,ID,2020-04-18 01:56:40+00:00,53,90.88,-0.89,119.87,2.62
563,asau,99,RO,2020-04-18 01:59:35+00:00,71,50.0,46.43,26.4,10.29
564,tarrafal,20,CV,2020-04-18 01:59:35+00:00,68,71.6,15.28,-23.77,13.87
565,nabire,66,ID,2020-04-18 01:55:06+00:00,59,89.26,-3.37,135.48,5.84
